"","number","id"
"1",1,"A16KDMZ7CEDHNV:3PZDLQMM0UTXTC601395HUSQFGE2C4"
"2",2,"A17PAQSQ74L915:3AAJC4I4FH0A71FI02Z5R9FSQ9LZJM"
"3",3,"A1A3TGZ7DKJWRW:3OF2M9AATHW5ILL0INZHSOF55YLZKL"
"4",4,"A1CC9996A7KZDS:35BLDD71I75JYWFCHRDOUXQMLWSZV7"
"5",5,"A1E6F4QKK5XXKO:3ZAZR5XV02QNZN9CQAIJ452X0PDCZM"
"6",6,"A1HK7CR71C8BCA:3NL0RFNU0GVPFOXBXU9RYS2W43J4KF"
"7",7,"A1IFF4KV23FGHJ:3PB5A5BD0WEHWPJB91MJ3CUDOOS7GZ"
"8",8,"A1JL8N1PWIFDH2:3S4AW7T80CQ0ZUFTIULSDSFBT3O4LI"
"9",9,"A1LZWU72K42V92:3QY7M81QH8UMYBFUZS7Y14M6V597K2"
"10",10,"A1S6C6EN8MPKC3:3TUI152ZZCVUYSYNNHAMWG72RP11QR"
"11",11,"A1ZK0SH3406UPY:3WETL7AQWUG1F9T4QT02MYR8TDS53A"
"12",12,"A224B7BAQ0MZSN:340UGXU9DZ92CXL2B4EGD5B7JEDUVD"
"13",13,"A29Q54URM8PHGT:36NEMU28XGLWEEGYSCSQ8XDRD1CWMX"
"14",14,"A2B8EAPA608JDH:3LOTDFNYA87Q84OH6PODD7TIG00WFQ"
"15",15,"A2CFFRUG7VTX5R:3QBD8R3Z22R85FIQVM1K59J5O8T4OZ"
"16",16,"A2EH5WNFLXYWCW:34BBWHLWHBJAIVQ77XUYG46AWSSWIH"
"17",17,"A2GXCALY7TF2LJ:3H7XDTSHKDZWM4KCH9UVVSTUHF0WGP"
"18",18,"A2L1KLDYY9RZ2P:3IAS3U3I0GOEJ7EUN3DA6AM8XVE2BX"
"19",19,"A2S96ZZ70YFPSK:3URFVVM166QJLHQCC13JYBO37PJZUI"
"20",20,"A2T0912R20FDN7:3ZPBJO59KQ9BDUFWKK7NO4GAPZ8DHX"
"21",21,"A2U3KOAB9CBE7B:3I02618YA1EP7DO6PS5H7DMPXQCUPS"
"22",22,"A2U7BMG19Q83GE:3AUQQEL7U61MWB9MDX0WOYN03PB0VI"
"23",23,"A2VP9870OO2MPH:38F5OAUN5OKVWLEMT741OC6E3O57HY"
"24",24,"A2WH3GIS2KF8LU:32RIADZISTCN37AJ23ITPET6LXW4SW"
"25",25,"A2XOXPBNSPJ7NB:3HPZF4IVNN1NUXZ7UOG0QYTVUV9CYV"
"26",26,"A2YHOJLEZR8663:3DQQ64TANHT2ZHDBKSKIP17MI6NWPT"
"27",27,"A30VC2QBIXFWOQ:34HJIJKLP643VZRNWYNY01DDK1Q4V1"
"28",28,"A3FCCH0RDJ2E3R:37C0GNLMHGBVG5VFO1GJRDRKGLSD6W"
"29",29,"A3GK9LWMSDH4P9:35K3O9HUACLWR42QLPU7R1MI9WWFEU"
"30",30,"A3HP03BD6XEOZT:3X73LLYYQ2MKZ6699ELQK9S433ANHP"
"31",31,"A3JT22BLG866CK:3A4NIXBJ777G3K4ZOYLOZMWBFU9LMU"
"32",32,"A3MWSKSKI7QCQ5:3JC6VJ2SACR1ZUSPZ8FC965EZNK5A6"
"33",33,"A3O2NOP1NUWCWL:3N1FSUEFL68H1IR15DN4UF76KUMD4B"
"34",34,"A3PJ51GS2AKBO6:3UXUOQ9OKF5GMY68N1U97QJAQTFA7Q"
"35",35,"A3PNAIOQOSEKMH:31IBVUNM9T7DTFOCGFJHR5A49RZVFG"
"36",36,"A3VE5OH94HYHET:32VNZTT0A8CB2SA6NEIOZ4OAZVD4R8"
"37",37,"A3VRDQJNM1IC0E:3PJ71Z61R5AO6TH16FZ0ALHDHPY196"
"38",38,"A5BMKZRGHNSRT:3Q5ZZ9ZEVPNNG6ZA2AVYDFZJ9ZK855"
"39",39,"A5T9IFDZ3W4T6:3JZQSN0I3RIUBIYHRKKVR47UMCBFGB"
"40",40,"ABL2FXYMI00T6:3EICBYG6454XZ8488OFXGBE7HR0JC8"
"41",41,"ADKKDK6P4MS1Z:39K0FND3AINZ71DVR7WYQ8G0LIAAM1"
"42",42,"AEF94JKX6FG92:3R6BYFZZP8K5X4T7GUKZFQ7PP27FX3"
"43",43,"AF18OIZ0GWGP2:3DHE4R9OCXJAAOM53P5O7LD5D86G2S"
"44",44,"AG7WQ3TB100SO:3483FV8BEFR8DVXZRCW2VU0GJU326C"
"45",45,"AJFVK3O1D7SPE:3WSELTNVR4A3KW3F04XACMBSFQ6AT2"
"46",46,"AKSJ3C5O3V9RB:3Z4AIRP3C7LE7PZZ9V5EQO3VOSO1XO"
"47",47,"AMA18W8F60Y2J:3R5F3LQFV3SO8C6FGFRAZ5WEP3VZO5"
"48",48,"AMWIBULQ4S8K3:39JEC7537V96Q342PDTGJZP1CE7CVM"
"49",49,"AP5V4DA382PGP:3634BBTX0P28794CH8KYCGKA1P3FI3"
"50",50,"AQTH6W61X9UOO:3J2UYBXQQMK1HLULCPSOC671MWJ06Q"
